{
    "AAPL": "Apple Inc.",
    "MSFT": "Microsoft Corporation",
    "GOOGL": "Alphabet Inc. (Google)",
    "AMZN": "Amazon.com, Inc.",
    "TSLA": "Tesla, Inc.",
    "META": "Meta Platforms, Inc. (Facebook)",
    "NVDA": "NVIDIA Corporation",
    "BRK-A": "Berkshire Hathaway Inc. (Class A)",
    "JNJ": "Johnson & Johnson",
    "V": "Visa Inc.",
    "WMT": "Walmart Inc.",
    "PG": "Procter & Gamble Co.",
    "DIS": "The Walt Disney Company",
    "INTC": "Intel Corporation",
    "PYPL": "PayPal Holdings, Inc.",
    "AMD": "Advanced Micro Devices, Inc.",
    "NFLX": "Netflix, Inc.",
    "MA": "Mastercard Incorporated",
    "CSCO": "Cisco Systems, Inc.",
    "HD": "The Home Depot, Inc.",
    "KO": "Coca-Cola Company",
    "PEP": "PepsiCo, Inc.",
    "MCD": "McDonald's Corporation",
    "INTU": "Intuit Inc.",
    "BA": "The Boeing Company",
    "SPY": "SPDR S&P 500 ETF Trust",
    "XOM": "Exxon Mobil Corporation",
    "CVX": "Chevron Corporation",
    "GS": "Goldman Sachs Group, Inc.",
    "IBM": "International Business Machines Corporation",
    "LMT": "Lockheed Martin Corporation",
    "T": "AT&T Inc.",
    "UNH": "UnitedHealth Group Incorporated",
    "PFE": "Pfizer Inc.",
    "BA": "The Boeing Company",
    "LUV": "Southwest Airlines Co.",
    "SQ": "Block, Inc.",
    "CRM": "Salesforce, Inc.",
    "SHOP": "Shopify Inc.",
    "BABA": "Alibaba Group Holding Limited",
    "UBER": "Uber Technologies, Inc.",
    "LYFT": "Lyft, Inc.",
    "AMAT": "Applied Materials, Inc.",
    "TGT": "Target Corporation",
    "CVS": "CVS Health Corporation",
    "GS": "Goldman Sachs Group, Inc.",
    "DHR": "Danaher Corporation",
    "ISRG": "Intuitive Surgical, Inc.",
    "RTX": "Raytheon Technologies Corporation",
    "GE": "General Electric Company",
    "ZTS": "Zoetis Inc.",
    "FDX": "FedEx Corporation",
    "ORCL": "Oracle Corporation",
    "UPS": "United Parcel Service, Inc.",
    "BLK": "BlackRock, Inc.",
    "ADBE": "Adobe Inc.",
    "EA": "Electronic Arts Inc.",
    "VZ": "Verizon Communications Inc.",
    "WFC": "Wells Fargo & Company",
    "CAT": "Caterpillar Inc.",
    "NEE": "NextEra Energy, Inc.",
    "RTX": "Raytheon Technologies Corporation",
    "MMM": "3M Company",
    "SBUX": "Starbucks Corporation",
    "HSBC": "HSBC Holdings plc",
    "TMO": "Thermo Fisher Scientific Inc.",
    "XRX": "Xerox Holdings Corporation"
}