{
  "binance": {
    "api_credentials": {
      "API_Key": "",
      "Secret_Key": ""
  }},

  "binance_read_only": {
    "api_credentials": {
      "API_Key": "",
      "Secret_Key": ""
  }},

  "binance_testnet": {
    "api_credentials": {
      "API_Key": "",
      "Secret_Key": ""
  }},

  "coinbase": {
    "api_credentials": {
      "API_Key": "",
      "Secret_Key": ""
  }},

  "kraken": {
    "api_credentials": {
      "API_Key": "",
      "Secret_Key": ""
  }},

  "openai": {
    "api_credentials": {
      "Secret_Key": ""
    }},

  "hugging_face": {
    "api_credentials": {
      "Secret_Key": ""
    }
  },

  "coincap": {
    "api_credentials": {
      "API_Key": ""
    }
  },

  "coinmarketcap": {
    "api_credentials": {
      "API_Key": ""
    }
  }
}



